{
  "variants": {
    "facing=up":    { "model": "caroveroinfirma:block/garbage_node" },
    "facing=down":  { "model": "caroveroinfirma:block/garbage_node", "x": 180 },
    "facing=north": { "model": "caroveroinfirma:block/garbage_node", "x": 90 },
    "facing=south": { "model": "caroveroinfirma:block/garbage_node", "x": 90, "y": 180 },
    "facing=west":  { "model": "caroveroinfirma:block/garbage_node", "x": 90, "y": 270 },
    "facing=east":  { "model": "caroveroinfirma:block/garbage_node", "x": 90, "y": 90 }
  }
}